chain,resnum,resname,aa,sasa_total,next_resname,region,is_aggregation_hotspot,is_deamidation_site,is_oxidation_site,any_liability
A,1,ASP,D,112.55728062516867,ILE,framework,False,False,False,False
A,2,ILE,I,4.95210347676338,GLN,framework,False,False,False,False
A,3,GLN,Q,107.66513985451523,MET,framework,False,False,False,False
A,4,MET,M,10.501978324340838,THR,framework,False,False,False,False
A,5,THR,T,89.17631599748023,GLN,framework,False,False,False,False
A,6,GLN,Q,4.527818339420209,SER,framework,False,False,False,False
A,7,SER,S,59.22630316510087,PRO,framework,False,False,False,False
A,8,PRO,P,54.40543529480237,SER,framework,True,False,False,True
A,9,SER,S,77.67704172273903,SER,framework,False,False,False,False
A,10,SER,S,59.00582201099823,LEU,framework,False,False,False,False
A,11,LEU,L,29.27119753642096,SER,framework,True,False,False,True
A,12,SER,S,52.054195934021315,ALA,framework,False,False,False,False
A,13,ALA,A,8.171659438288394,SER,framework,False,False,False,False
A,14,SER,S,40.803554759590206,VAL,framework,False,False,False,False
A,15,VAL,V,82.58810470007808,GLY,framework,True,False,False,True
A,16,GLY,G,47.44624224457854,ASP,framework,False,False,False,False
A,17,ASP,D,66.60130717037407,ARG,framework,False,False,False,False
A,18,ARG,R,169.99134521618828,VAL,framework,False,False,False,False
A,19,VAL,V,6.311424031417284,THR,framework,False,False,False,False
A,20,THR,T,64.4703382183207,ILE,framework,False,False,False,False
A,21,ILE,I,0.26483710819866263,THR,framework,False,False,False,False
A,22,THR,T,35.984903167700296,CYS,framework,False,False,False,False
A,23,CYS,C,0.0,ARG,framework,False,False,False,False
A,24,ARG,R,141.97142116766292,ALA,framework,False,False,False,False
A,25,ALA,A,4.492897100035005,SER,framework,False,False,False,False
A,26,SER,S,60.53765634214004,GLN,CDR-H1,False,False,False,False
A,27,GLN,Q,91.68226305469538,ASP,CDR-H1,False,False,False,False
A,28,ASP,D,65.91270973273151,VAL,CDR-H1,False,False,False,False
A,29,VAL,V,1.2660073483713024,ASN,CDR-H1,False,False,False,False
A,30,ASN,N,2.5804171712671495,THR,CDR-H1,False,False,False,False
A,31,THR,T,22.77662601143954,ALA,CDR-H1,False,False,False,False
A,32,ALA,A,2.3796329180657945,VAL,CDR-H1,False,False,False,False
A,33,VAL,V,0.0,ALA,CDR-H1,False,False,False,False
A,34,ALA,A,0.0,TRP,CDR-H1,False,False,False,False
A,35,TRP,W,0.11170115743925536,TYR,CDR-H1,False,False,False,False
A,36,TYR,Y,0.0,GLN,framework,False,False,False,False
A,37,GLN,Q,16.38309294480836,GLN,framework,False,False,False,False
A,38,GLN,Q,15.797062936330764,LYS,framework,False,False,False,False
A,39,LYS,K,58.224709707902406,PRO,framework,False,False,False,False
A,40,PRO,P,60.062537508829244,GLY,framework,True,False,False,True
A,41,GLY,G,78.04057348738544,LYS,framework,False,False,False,False
A,42,LYS,K,120.55383694836544,ALA,framework,False,False,False,False
A,43,ALA,A,15.537126030436362,PRO,framework,False,False,False,False
A,44,PRO,P,1.7206744858065275,LYS,framework,False,False,False,False
A,45,LYS,K,133.4781237178131,LEU,framework,False,False,False,False
A,46,LEU,L,4.614829840653442,LEU,framework,False,False,False,False
A,47,LEU,L,7.010035829196948,ILE,framework,False,False,False,False
A,48,ILE,I,0.3365407251193059,TYR,framework,False,False,False,False
A,49,TYR,Y,43.9551347325785,SER,framework,False,False,False,False
A,50,SER,S,15.59138213285256,ALA,CDR-H2,False,False,False,False
A,51,ALA,A,2.8841384708823004,SER,CDR-H2,False,False,False,False
A,52,SER,S,60.96297400087927,PHE,CDR-H2,False,False,False,False
A,53,PHE,F,47.77433935463979,LEU,CDR-H2,True,False,False,True
A,54,LEU,L,69.51677105908466,TYR,CDR-H2,True,False,False,True
A,55,TYR,Y,46.942247549691196,SER,CDR-H2,False,False,False,False
A,56,SER,S,100.03139312082263,GLY,CDR-H2,False,False,False,False
A,57,GLY,G,84.78210772699161,VAL,CDR-H2,False,False,False,False
A,58,VAL,V,20.626826715790962,PRO,CDR-H2,True,False,False,True
A,59,PRO,P,59.62121516448225,SER,CDR-H2,True,False,False,True
A,60,SER,S,100.87234006552492,ARG,CDR-H2,False,False,False,False
A,61,ARG,R,43.913786901436424,PHE,CDR-H2,False,False,False,False
A,62,PHE,F,6.027866042481451,SER,CDR-H2,False,False,False,False
A,63,SER,S,55.96289061153895,GLY,CDR-H2,False,False,False,False
A,64,GLY,G,8.183932789000592,SER,CDR-H2,False,False,False,False
A,65,SER,S,58.61836332483152,ARG,CDR-H2,False,False,False,False
A,66,ARG,R,90.58136641949537,SER,framework,False,False,False,False
A,67,SER,S,88.82916719940994,GLY,framework,False,False,False,False
A,68,GLY,G,48.50356589667919,THR,framework,False,False,False,False
A,69,THR,T,48.59803157718757,ASP,framework,False,False,False,False
A,70,ASP,D,36.51911294911071,PHE,framework,False,False,False,False
A,71,PHE,F,0.4693433605327535,THR,framework,False,False,False,False
A,72,THR,T,29.481592683824363,LEU,framework,False,False,False,False
A,73,LEU,L,0.43072275685528066,THR,framework,False,False,False,False
A,74,THR,T,15.46112999908961,ILE,framework,False,False,False,False
A,75,ILE,I,0.3477610796455063,SER,framework,False,False,False,False
A,76,SER,S,55.73668498292638,SER,framework,False,False,False,False
A,77,SER,S,42.77172063147473,LEU,framework,False,False,False,False
A,78,LEU,L,0.0,GLN,framework,False,False,False,False
A,79,GLN,Q,47.10739123189907,PRO,framework,False,False,False,False
A,80,PRO,P,27.264519744905343,GLU,framework,True,False,False,True
A,81,GLU,E,77.04535262320447,ASP,framework,False,False,False,False
A,82,ASP,D,1.9809200031620442,PHE,framework,False,False,False,False
A,83,PHE,F,4.2227771012859145,ALA,framework,False,False,False,False
A,84,ALA,A,0.8590344628550506,THR,framework,False,False,False,False
A,85,THR,T,30.564309628813962,TYR,framework,False,False,False,False
A,86,TYR,Y,0.0,TYR,framework,False,False,False,False
A,87,TYR,Y,7.465289437324844,CYS,framework,False,False,False,False
A,88,CYS,C,0.0,GLN,framework,False,False,False,False
A,89,GLN,Q,0.02717522719681416,GLN,framework,False,False,False,False
A,90,GLN,Q,0.0,HIS,framework,False,False,False,False
A,91,HIS,H,10.558189076044695,TYR,framework,False,False,False,False
A,92,TYR,Y,41.38130228656878,THR,framework,False,False,False,False
A,93,THR,T,50.294111690302614,THR,framework,False,False,False,False
A,94,THR,T,18.256807537648438,PRO,framework,False,False,False,False
A,95,PRO,P,27.67376550781267,PRO,CDR-H3,True,False,False,True
A,96,PRO,P,1.387123242044022,THR,CDR-H3,False,False,False,False
A,97,THR,T,31.307693247084714,PHE,CDR-H3,False,False,False,False
A,98,PHE,F,25.893807021836174,GLY,CDR-H3,True,False,False,True
A,99,GLY,G,1.988133830323275,GLN,CDR-H3,False,False,False,False
A,100,GLN,Q,133.35439182698082,GLY,CDR-H3,False,False,False,False
A,101,GLY,G,4.578905004360196,THR,CDR-H3,False,False,False,False
A,102,THR,T,0.12009090525658496,LYS,CDR-H3,False,False,False,False
A,103,LYS,K,55.649978872939165,VAL,framework,False,False,False,False
A,104,VAL,V,0.0,GLU,framework,False,False,False,False
A,105,GLU,E,53.27831360785466,ILE,framework,False,False,False,False
A,106,ILE,I,0.3484937509191211,LYS,framework,False,False,False,False
A,107,LYS,K,103.86285619158431,ARG,framework,False,False,False,False
A,108,ARG,R,88.92618550210307,THR,framework,False,False,False,False
A,109,THR,T,98.10748365446634,VAL,framework,False,False,False,False
A,110,VAL,V,82.64928377872121,ALA,framework,True,False,False,True
A,111,ALA,A,16.687795333756327,ALA,framework,False,False,False,False
A,112,ALA,A,54.26641780443781,PRO,framework,True,False,False,True
A,113,PRO,P,8.377279749810695,SER,framework,False,False,False,False
A,114,SER,S,45.49678994680143,VAL,framework,False,False,False,False
A,115,VAL,V,9.071453586927989,PHE,framework,False,False,False,False
A,116,PHE,F,2.9571354792024143,ILE,framework,False,False,False,False
A,117,ILE,I,0.01649877936730811,PHE,framework,False,False,False,False
A,118,PHE,F,0.20979385115555657,PRO,framework,False,False,False,False
A,119,PRO,P,41.02156885242954,PRO,framework,True,False,False,True
A,120,PRO,P,11.96558260977332,SER,framework,False,False,False,False
A,121,SER,S,18.688439883883014,ASP,framework,False,False,False,False
A,122,ASP,D,116.7515979457775,GLU,framework,False,False,False,False
A,123,GLU,E,82.07832172376918,GLN,framework,False,False,False,False
A,124,GLN,Q,2.802149228637741,LEU,framework,False,False,False,False
A,125,LEU,L,28.98033034255876,LYS,framework,True,False,False,True
A,126,LYS,K,144.1091911528233,SER,framework,False,False,False,False
A,127,SER,S,90.87140813040386,GLY,framework,False,False,False,False
A,128,GLY,G,32.548623596154606,THR,framework,False,False,False,False
A,129,THR,T,38.956266708869315,ALA,framework,False,False,False,False
A,130,ALA,A,0.0,SER,framework,False,False,False,False
A,131,SER,S,2.6655925764468713,VAL,framework,False,False,False,False
A,132,VAL,V,0.0,VAL,framework,False,False,False,False
A,133,VAL,V,1.1795313813167412,CYS,framework,False,False,False,False
A,134,CYS,C,0.0,LEU,framework,False,False,False,False
A,135,LEU,L,1.5319100776052847,LEU,framework,False,False,False,False
A,136,LEU,L,0.004448118829625953,ASN,framework,False,False,False,False
A,137,ASN,N,4.720386898053139,ASN,framework,False,False,False,False
A,138,ASN,N,56.271696730831046,PHE,framework,False,False,False,False
A,139,PHE,F,0.0,TYR,framework,False,False,False,False
A,140,TYR,Y,21.726463799961074,PRO,framework,False,False,False,False
A,141,PRO,P,33.10826245532066,ARG,framework,True,False,False,True
A,142,ARG,R,131.12690744171064,GLU,framework,False,False,False,False
A,143,GLU,E,138.82072577163763,ALA,framework,False,False,False,False
A,144,ALA,A,19.789893680144658,LYS,framework,False,False,False,False
A,145,LYS,K,115.70770891123604,VAL,framework,False,False,False,False
A,146,VAL,V,22.367275307473655,GLN,framework,True,False,False,True
A,147,GLN,Q,46.376521413406316,TRP,framework,False,False,False,False
A,148,TRP,W,3.555977776389285,LYS,framework,False,False,False,False
A,149,LYS,K,63.77933325590336,VAL,framework,False,False,False,False
A,150,VAL,V,2.252432279839559,ASP,framework,False,False,False,False
A,151,ASP,D,62.40454739792246,ASN,framework,False,False,False,False
A,152,ASN,N,116.35284010418587,ALA,framework,False,False,False,False
A,153,ALA,A,52.52816495549039,LEU,framework,True,False,False,True
A,154,LEU,L,113.39249667451347,GLN,framework,True,False,False,True
A,155,GLN,Q,49.691833706239414,SER,framework,False,False,False,False
A,156,SER,S,97.53701006348788,GLY,framework,False,False,False,False
A,157,GLY,G,90.25372791004853,ASN,framework,False,False,False,False
A,158,ASN,N,33.15720143706688,SER,framework,False,True,False,True
A,159,SER,S,43.767117971245,GLN,framework,False,False,False,False
A,160,GLN,Q,71.03435486811415,GLU,framework,False,False,False,False
A,161,GLU,E,82.01138508446626,SER,framework,False,False,False,False
A,162,SER,S,11.059946023859109,VAL,framework,False,False,False,False
A,163,VAL,V,24.326186256693102,THR,framework,True,False,False,True
A,164,THR,T,13.171809932736263,GLU,framework,False,False,False,False
A,165,GLU,E,90.83561042733099,GLN,framework,False,False,False,False
A,166,GLN,Q,5.287745389740973,ASP,framework,False,False,False,False
A,167,ASP,D,44.502253870527596,SER,framework,False,False,False,False
A,168,SER,S,48.1219310311715,LYS,framework,False,False,False,False
A,169,LYS,K,172.88709487729082,ASP,framework,False,False,False,False
A,170,ASP,D,62.42164743572862,SER,framework,False,False,False,False
A,171,SER,S,3.5216811209939483,THR,framework,False,False,False,False
A,172,THR,T,6.096631313779869,TYR,framework,False,False,False,False
A,173,TYR,Y,20.437533242733515,SER,framework,False,False,False,False
A,174,SER,S,0.09826997945411287,LEU,framework,False,False,False,False
A,175,LEU,L,4.140017395970607,SER,framework,False,False,False,False
A,176,SER,S,6.372000837968405,SER,framework,False,False,False,False
A,177,SER,S,1.3140123792277507,THR,framework,False,False,False,False
A,178,THR,T,18.128780270030465,LEU,framework,False,False,False,False
A,179,LEU,L,0.0,THR,framework,False,False,False,False
A,180,THR,T,46.77666036637644,LEU,framework,False,False,False,False
A,181,LEU,L,20.57633418331942,SER,framework,True,False,False,True
A,182,SER,S,53.00386505393387,LYS,framework,False,False,False,False
A,183,LYS,K,79.30214923201646,ALA,framework,False,False,False,False
A,184,ALA,A,72.15993872404943,ASP,framework,True,False,False,True
A,185,ASP,D,65.93435156583053,TYR,framework,False,False,False,False
A,186,TYR,Y,6.029396828874204,GLU,framework,False,False,False,False
A,187,GLU,E,79.10025614190174,LYS,framework,False,False,False,False
A,188,LYS,K,146.3514513745283,HIS,framework,False,False,False,False
A,189,HIS,H,56.54673949625028,LYS,framework,False,False,False,False
A,190,LYS,K,51.580576200683,VAL,framework,False,False,False,False
A,191,VAL,V,46.67334916098288,TYR,framework,True,False,False,True
A,192,TYR,Y,0.139199422897009,ALA,framework,False,False,False,False
A,193,ALA,A,5.928048874733835,CYS,framework,False,False,False,False
A,194,CYS,C,0.0,GLU,framework,False,False,False,False
A,195,GLU,E,37.30996761925934,VAL,framework,False,False,False,False
A,196,VAL,V,0.0,THR,framework,False,False,False,False
A,197,THR,T,38.10682681644552,HIS,framework,False,False,False,False
A,198,HIS,H,7.978901983775144,GLN,framework,False,False,False,False
A,199,GLN,Q,112.88327214391354,GLY,framework,False,False,False,False
A,200,GLY,G,23.90013844559815,LEU,framework,False,False,False,False
A,201,LEU,L,36.34128905871189,SER,framework,True,False,False,True
A,202,SER,S,127.65053713378813,SER,framework,False,False,False,False
A,203,SER,S,81.43686883834593,PRO,framework,False,False,False,False
A,204,PRO,P,63.291675208198164,VAL,framework,True,False,False,True
A,205,VAL,V,45.40712468844798,THR,framework,True,False,False,True
A,206,THR,T,84.68471150503512,LYS,framework,False,False,False,False
A,207,LYS,K,42.281100398301334,SER,framework,False,False,False,False
A,208,SER,S,35.88439842804544,PHE,framework,False,False,False,False
A,209,PHE,F,15.807239619746854,ASN,framework,False,False,False,False
A,210,ASN,N,73.53589102022784,ARG,framework,False,False,False,False
A,211,ARG,R,87.07256757997487,GLY,framework,False,False,False,False
A,212,GLY,G,76.6035310758984,GLU,framework,False,False,False,False
A,213,GLU,E,136.4743986588697,CYS,framework,False,False,False,False
A,214,CYS,C,167.8340703009953,,framework,True,False,False,True
B,1,GLU,E,187.24609344511163,VAL,framework,False,False,False,False
B,2,VAL,V,25.95680596039385,GLN,framework,True,False,False,True
B,3,GLN,Q,94.25609188974566,LEU,framework,False,False,False,False
B,4,LEU,L,5.356755683941135,VAL,framework,False,False,False,False
B,5,VAL,V,67.35785131244494,GLU,framework,True,False,False,True
B,6,GLU,E,5.777987686762402,SER,framework,False,False,False,False
B,7,SER,S,58.683227517513274,GLY,framework,False,False,False,False
B,8,GLY,G,26.512199587384426,GLY,framework,False,False,False,False
B,9,GLY,G,10.882997805040311,GLY,framework,False,False,False,False
B,10,GLY,G,14.07076198897778,LEU,framework,False,False,False,False
B,11,LEU,L,48.99990710821831,VAL,framework,True,False,False,True
B,12,VAL,V,7.798327607639289,GLN,framework,False,False,False,False
B,13,GLN,Q,125.77535066713935,PRO,framework,False,False,False,False
B,14,PRO,P,61.81820022120767,GLY,framework,True,False,False,True
B,15,GLY,G,45.82540617429795,GLY,framework,False,False,False,False
B,16,GLY,G,19.78313687498901,SER,framework,False,False,False,False
B,17,SER,S,63.54240162745832,LEU,framework,False,False,False,False
B,18,LEU,L,39.14976559316895,ARG,framework,True,False,False,True
B,19,ARG,R,126.18490635771788,LEU,framework,False,False,False,False
B,20,LEU,L,0.0,SER,framework,False,False,False,False
B,21,SER,S,23.38129731052505,CYS,framework,False,False,False,False
B,22,CYS,C,0.9460859561362258,ALA,framework,False,False,False,False
B,23,ALA,A,40.343327988276044,ALA,framework,True,False,False,True
B,24,ALA,A,9.846232337791763,SER,CDR-L1,False,False,False,False
B,25,SER,S,55.5158412787279,GLY,CDR-L1,False,False,False,False
B,26,GLY,G,65.47403344996658,PHE,CDR-L1,False,False,False,False
B,27,PHE,F,29.342168377942794,ASN,CDR-L1,True,False,False,True
B,28,ASN,N,88.50912854611138,ILE,CDR-L1,False,False,False,False
B,29,ILE,I,0.521702491532884,LYS,CDR-L1,False,False,False,False
B,30,LYS,K,31.43721977573586,ASP,CDR-L1,False,False,False,False
B,31,ASP,D,85.28102723677691,THR,CDR-L1,False,False,False,False
B,32,THR,T,2.970560425720506,TYR,CDR-L1,False,False,False,False
B,33,TYR,Y,20.15987179366561,ILE,CDR-L1,False,False,False,False
B,34,ILE,I,0.2778940863605409,HIS,CDR-L1,False,False,False,False
B,35,HIS,H,0.0,TRP,framework,False,False,False,False
B,36,TRP,W,0.0023141932612746234,VAL,framework,False,False,False,False
B,37,VAL,V,0.0,ARG,framework,False,False,False,False
B,38,ARG,R,17.110022782618373,GLN,framework,False,False,False,False
B,39,GLN,Q,23.698154756484552,ALA,framework,False,False,False,False
B,40,ALA,A,32.012774626556855,PRO,framework,True,False,False,True
B,41,PRO,P,92.729589133178,GLY,framework,True,False,False,True
B,42,GLY,G,82.97551033006265,LYS,framework,False,False,False,False
B,43,LYS,K,136.95825737401907,GLY,framework,False,False,False,False
B,44,GLY,G,26.315051719227373,LEU,framework,False,False,False,False
B,45,LEU,L,10.115184122300393,GLU,framework,False,False,False,False
B,46,GLU,E,68.45072966324965,TRP,framework,False,False,False,False
B,47,TRP,W,10.629557593534111,VAL,framework,False,False,False,False
B,48,VAL,V,0.0,ALA,framework,False,False,False,False
B,49,ALA,A,0.0,ARG,framework,False,False,False,False
B,50,ARG,R,0.0,ILE,CDR-L2,False,False,False,False
B,51,ILE,I,3.806875690514705,TYR,CDR-L2,False,False,False,False
B,52,TYR,Y,43.09487289554153,PRO,CDR-L2,False,False,False,False
B,53,PRO,P,15.343869896567494,THR,CDR-L2,False,False,False,False
B,54,THR,T,93.19896345414251,ASN,CDR-L2,False,False,False,False
B,55,ASN,N,76.78929217474425,GLY,CDR-L2,False,True,False,True
B,56,GLY,G,40.22196418755669,TYR,CDR-L2,False,False,False,False
B,57,TYR,Y,85.18453842098722,THR,framework,False,False,False,False
B,58,THR,T,45.82218573211111,ARG,framework,False,False,False,False
B,59,ARG,R,51.85336178458809,TYR,framework,False,False,False,False
B,60,TYR,Y,46.19326906580777,ALA,framework,False,False,False,False
B,61,ALA,A,12.150875587158772,ASP,framework,False,False,False,False
B,62,ASP,D,136.66685415037782,SER,framework,False,False,False,False
B,63,SER,S,53.20282353706829,VAL,framework,False,False,False,False
B,64,VAL,V,0.6689340332507067,LYS,framework,False,False,False,False
B,65,LYS,K,148.38575918449888,GLY,framework,False,False,False,False
B,66,GLY,G,80.31098291497952,ARG,framework,False,False,False,False
B,67,ARG,R,46.38372810624788,PHE,framework,False,False,False,False
B,68,PHE,F,3.920728732091538,THR,framework,False,False,False,False
B,69,THR,T,65.27045985551761,ILE,framework,False,False,False,False
B,70,ILE,I,4.326794152396037,SER,framework,False,False,False,False
B,71,SER,S,39.510621817848126,ALA,framework,False,False,False,False
B,72,ALA,A,33.77379414889257,ASP,framework,True,False,False,True
B,73,ASP,D,41.26470168218897,THR,framework,False,False,False,False
B,74,THR,T,84.98824670942062,SER,framework,False,False,False,False
B,75,SER,S,103.053658242914,LYS,framework,False,False,False,False
B,76,LYS,K,143.42016696362998,ASN,framework,False,False,False,False
B,77,ASN,N,30.588668895926894,THR,framework,False,False,False,False
B,78,THR,T,11.329600168545872,ALA,framework,False,False,False,False
B,79,ALA,A,0.41416816756677133,TYR,framework,False,False,False,False
B,80,TYR,Y,22.179285381974026,LEU,framework,False,False,False,False
B,81,LEU,L,0.0,GLN,framework,False,False,False,False
B,82,GLN,Q,51.927514833651585,MET,framework,False,False,False,False
B,83,MET,M,0.0,ASN,framework,False,False,False,False
B,84,ASN,N,56.6731630469114,SER,framework,False,True,False,True
B,85,SER,S,36.608711020801564,LEU,framework,False,False,False,False
B,86,LEU,L,0.0,ARG,framework,False,False,False,False
B,87,ARG,R,126.01132274784192,ALA,framework,False,False,False,False
B,88,ALA,A,73.8772440023957,GLU,framework,True,False,False,True
B,89,GLU,E,152.52170769000256,ASP,CDR-L3,False,False,False,False
B,90,ASP,D,0.3008355235898928,THR,CDR-L3,False,False,False,False
B,91,THR,T,28.429213796948698,ALA,CDR-L3,False,False,False,False
B,92,ALA,A,0.5352474915870139,VAL,CDR-L3,False,False,False,False
B,93,VAL,V,40.51344058547613,TYR,CDR-L3,True,False,False,True
B,94,TYR,Y,0.0,TYR,CDR-L3,False,False,False,False
B,95,TYR,Y,8.877193776877878,CYS,CDR-L3,False,False,False,False
B,96,CYS,C,0.0,SER,CDR-L3,False,False,False,False
B,97,SER,S,0.0,ARG,CDR-L3,False,False,False,False
B,98,ARG,R,27.329357700662797,TRP,framework,False,False,False,False
B,99,TRP,W,0.7251117461949015,GLY,framework,False,False,False,False
B,100,GLY,G,3.312814090088796,GLY,framework,False,False,False,False
B,101,GLY,G,28.637110654880857,ASP,framework,False,False,False,False
B,102,ASP,D,99.29421871827495,GLY,framework,False,False,False,False
B,103,GLY,G,4.931537738393803,PHE,framework,False,False,False,False
B,104,PHE,F,33.391271831743715,TYR,framework,True,False,False,True
B,105,TYR,Y,19.119199207315354,ALA,framework,False,False,False,False
B,106,ALA,A,1.424678851249867,MET,framework,False,False,False,False
B,107,MET,M,0.0,ASP,framework,False,False,False,False
B,108,ASP,D,16.241568640732474,TYR,framework,False,False,False,False
B,109,TYR,Y,56.50850169411453,TRP,framework,False,False,False,False
B,110,TRP,W,25.711081054323028,GLY,framework,True,False,True,True
B,111,GLY,G,1.7471816219756917,GLN,framework,False,False,False,False
B,112,GLN,Q,101.39046774786347,GLY,framework,False,False,False,False
B,113,GLY,G,13.651455740434468,THR,framework,False,False,False,False
B,114,THR,T,22.504860622294707,LEU,framework,False,False,False,False
B,115,LEU,L,30.409942681462486,VAL,framework,True,False,False,True
B,116,VAL,V,0.0,THR,framework,False,False,False,False
B,117,THR,T,12.963046230440854,VAL,framework,False,False,False,False
B,118,VAL,V,8.866709716068224,SER,framework,False,False,False,False
B,119,SER,S,27.78932567220656,SER,framework,False,False,False,False
B,120,SER,S,94.08308718877683,ALA,framework,False,False,False,False
B,121,ALA,A,51.738567966525395,SER,framework,True,False,False,True
B,122,SER,S,86.62379901246989,THR,framework,False,False,False,False
B,123,THR,T,58.02877933323693,LYS,framework,False,False,False,False
B,124,LYS,K,113.03677548864661,GLY,framework,False,False,False,False
B,125,GLY,G,32.11263416148646,PRO,framework,False,False,False,False
B,126,PRO,P,11.516065660076682,SER,framework,False,False,False,False
B,127,SER,S,50.34278715929955,VAL,framework,False,False,False,False
B,128,VAL,V,14.076640722743633,PHE,framework,False,False,False,False
B,129,PHE,F,18.14758751244635,PRO,framework,False,False,False,False
B,130,PRO,P,25.59586173300834,LEU,framework,True,False,False,True
B,131,LEU,L,3.938185324090375,ALA,framework,False,False,False,False
B,132,ALA,A,34.15093729564441,PRO,framework,True,False,False,True
B,133,PRO,P,1.1943419859083382,SER,framework,False,False,False,False
B,134,SER,S,46.25763228167705,SER,framework,False,False,False,False
B,135,SER,S,85.65753998779951,LYS,framework,False,False,False,False
B,136,LYS,K,74.40576805135865,SER,framework,False,False,False,False
B,137,SER,S,0.0,THR,framework,False,False,False,False
B,138,THR,T,43.214222591811364,SER,framework,False,False,False,False
B,139,SER,S,50.52890812844808,GLY,framework,False,False,False,False
B,140,GLY,G,79.32135593420286,GLY,framework,False,False,False,False
B,141,GLY,G,57.47018457864049,THR,framework,False,False,False,False
B,142,THR,T,43.29068461236161,ALA,framework,False,False,False,False
B,143,ALA,A,0.0,ALA,framework,False,False,False,False
B,144,ALA,A,0.48285203105027463,LEU,framework,False,False,False,False
B,145,LEU,L,0.5247290028122964,GLY,framework,False,False,False,False
B,146,GLY,G,0.0,CYS,framework,False,False,False,False
B,147,CYS,C,0.0,LEU,framework,False,False,False,False
B,148,LEU,L,7.075583738944127,VAL,framework,False,False,False,False
B,149,VAL,V,0.0,LYS,framework,False,False,False,False
B,150,LYS,K,14.733199554524699,ASP,framework,False,False,False,False
B,151,ASP,D,38.306296190317795,TYR,framework,False,False,False,False
B,152,TYR,Y,0.0,PHE,framework,False,False,False,False
B,153,PHE,F,20.149579264836213,PRO,framework,True,False,False,True
B,154,PRO,P,0.9522387697118044,GLU,framework,False,False,False,False
B,155,GLU,E,41.960644178752275,PRO,framework,False,False,False,False
B,156,PRO,P,64.76137555039439,VAL,framework,True,False,False,True
B,157,VAL,V,15.782618750093542,THR,framework,False,False,False,False
B,158,THR,T,81.15709484917423,VAL,framework,False,False,False,False
B,159,VAL,V,22.314906394594033,SER,framework,True,False,False,True
B,160,SER,S,39.643588667414555,TRP,framework,False,False,False,False
B,161,TRP,W,1.5274391467929582,ASN,framework,False,False,False,False
B,162,ASN,N,36.09229363109419,SER,framework,False,True,False,True
B,163,SER,S,102.89051693879944,GLY,framework,False,False,False,False
B,164,GLY,G,39.12353452496379,ALA,framework,False,False,False,False
B,165,ALA,A,93.13676453009346,LEU,framework,True,False,False,True
B,166,LEU,L,34.17086286879166,THR,framework,True,False,False,True
B,167,THR,T,96.85472064260199,SER,framework,False,False,False,False
B,168,SER,S,94.16374256193139,GLY,framework,False,False,False,False
B,169,GLY,G,37.505735291106134,VAL,framework,False,False,False,False
B,170,VAL,V,38.868095637104155,HIS,framework,True,False,False,True
B,171,HIS,H,24.42632699582686,THR,framework,False,False,False,False
B,172,THR,T,54.81059877417474,PHE,framework,False,False,False,False
B,173,PHE,F,2.70301472767127,PRO,framework,False,False,False,False
B,174,PRO,P,66.28681288960233,ALA,framework,True,False,False,True
B,175,ALA,A,28.832693999645073,VAL,framework,True,False,False,True
B,176,VAL,V,28.03978344609027,LEU,framework,True,False,False,True
B,177,LEU,L,104.00053374618005,GLN,framework,True,False,False,True
B,178,GLN,Q,23.43101227131746,SER,framework,False,False,False,False
B,179,SER,S,129.69684067950476,SER,framework,False,False,False,False
B,180,SER,S,77.69085437708144,GLY,framework,False,False,False,False
B,181,GLY,G,35.01703223807972,LEU,framework,False,False,False,False
B,182,LEU,L,29.633343442359063,TYR,framework,True,False,False,True
B,183,TYR,Y,50.87240125401147,SER,framework,False,False,False,False
B,184,SER,S,6.364944839929306,LEU,framework,False,False,False,False
B,185,LEU,L,11.570459289276192,SER,framework,False,False,False,False
B,186,SER,S,5.90979903114648,SER,framework,False,False,False,False
B,187,SER,S,0.0,VAL,framework,False,False,False,False
B,188,VAL,V,2.197913723729757,VAL,framework,False,False,False,False
B,189,VAL,V,0.9871523528595738,THR,framework,False,False,False,False
B,190,THR,T,36.454713426905975,VAL,framework,False,False,False,False
B,191,VAL,V,4.516168456680175,PRO,framework,False,False,False,False
B,192,PRO,P,76.14792422208588,SER,framework,True,False,False,True
B,193,SER,S,36.46016208607147,SER,framework,False,False,False,False
B,194,SER,S,101.05594477195476,SER,framework,False,False,False,False
B,195,SER,S,8.618027092732863,LEU,framework,False,False,False,False
B,196,LEU,L,42.4664391346351,GLY,framework,True,False,False,True
B,197,GLY,G,80.18779276797875,THR,framework,False,False,False,False
B,198,THR,T,117.07371892769858,GLN,framework,False,False,False,False
B,199,GLN,Q,98.38654917883939,THR,framework,False,False,False,False
B,200,THR,T,92.06417487273272,TYR,framework,False,False,False,False
B,201,TYR,Y,9.70644346334603,ILE,framework,False,False,False,False
B,202,ILE,I,55.22996315038141,CYS,framework,True,False,False,True
B,203,CYS,C,0.0,ASN,framework,False,False,False,False
B,204,ASN,N,21.406165273980513,VAL,framework,False,False,False,False
B,205,VAL,V,3.4498717210846452,ASN,framework,False,False,False,False
B,206,ASN,N,56.61696040093981,HIS,framework,False,False,False,False
B,207,HIS,H,0.1355444852865726,LYS,framework,False,False,False,False
B,208,LYS,K,123.9267583266186,PRO,framework,False,False,False,False
B,209,PRO,P,35.29264663853779,SER,framework,True,False,False,True
B,210,SER,S,33.754163290722936,ASN,framework,False,False,False,False
B,211,ASN,N,111.82885595923815,THR,framework,False,False,False,False
B,212,THR,T,29.29185150676197,LYS,framework,False,False,False,False
B,213,LYS,K,149.54132913469715,VAL,framework,False,False,False,False
B,214,VAL,V,38.193609369778045,ASP,framework,True,False,False,True
B,215,ASP,D,109.47573969955619,LYS,framework,False,False,False,False
B,216,LYS,K,64.04376447492275,LYS,framework,False,False,False,False
B,217,LYS,K,49.51556874803478,VAL,framework,False,False,False,False
B,218,VAL,V,4.252595761261683,GLU,framework,False,False,False,False
B,219,GLU,E,123.55182188422981,PRO,framework,False,False,False,False
B,220,PRO,P,120.34137275059794,,framework,True,False,False,True
